{
  "project_info": {
    "project_number": "594222768920",
    "project_id": "chargeplug-9e01c",
    "storage_bucket": "chargeplug-9e01c.appspot.com"
  },
  "client": [
    {
      "client_info": {
        "mobilesdk_app_id": "1:594222768920:android:2f2943a9dd269cf734f46d",
        "android_client_info": {
          "package_name": "com.example.evcs1"
        }
      },
      "oauth_client": [
        {
          "client_id": "594222768920-jt10cb80f0tjfk9qi254hapl79nm64p2.apps.googleusercontent.com",
          "client_type": 3
        }
      ],
      "api_key": [
        {
          "current_key": "AIzaSyD707jLmgUIYauJEBJzldJ3TqxDtisE8oI"
        }
      ],
      "services": {
        "appinvite_service": {
          "other_platform_oauth_client": [
            {
              "client_id": "594222768920-jt10cb80f0tjfk9qi254hapl79nm64p2.apps.googleusercontent.com",
              "client_type": 3
            }
          ]
        }
      }
    }
  ],
  "configuration_version": "1"
}